donor	hap	nclust	ngerm	nassign	total	bandwidth	pct_germ	mean	mid	lower	upper
donor_01	1	1	1	136.0	136	10	1.0	112	112	106	117
donor_01	2	1	1	142.0	142	10	1.0	112	112	106	117
donor_02	1	1	1	142.0	142	10	1.0	89	89	84	95
donor_02	2	1	1	154.0	154	10	1.0	89	89	83	95
donor_03	1	1	1	145.0	145	10	1.0	95	94	89	100
donor_03	2	1	1	143.0	143	10	1.0	95	95	88	101
donor_04	1	1	1	146.0	146	10	1.0	93	93	88	98
donor_04	2	1	1	165.0	165	10	1.0	93	93	87	99
donor_05	1	1	1	145.0	145	10	1.0	82	82	77	88
donor_05	2	1	1	156.0	156	10	1.0	82	82	76	88
donor_06	1	1	1	149.0	149	10	1.0	95	95	89	101
donor_06	2	1	1	155.0	155	10	1.0	95	95	88	100
donor_07	1	1	1	148.0	148	10	1.0	90	90	84	95
donor_07	2	1	1	148.0	148	10	1.0	90	89	85	95
donor_08	1	1	1	138.0	138	10	1.0	117	117	112	122
donor_08	2	1	1	141.0	141	10	1.0	117	117	112	123
donor_09	1	1	1	153.0	153	10	1.0	107	107	102	112
donor_09	2	1	1	157.0	157	10	1.0	107	108	102	113
donor_10	1	1	1	160.0	160	10	1.0	103	103	97	108
donor_10	2	1	1	163.0	163	10	1.0	103	103	98	108
donor_11	1	2	1	149.0	152	10	0.9802631578947368	98	98	93	104
donor_11	2	3	1	138.0	140	10	0.9857142857142858	98	98	93	104
donor_12	1	3	1	164.0	167	10	0.9820359281437125	89	89	84	93
donor_12	2	3	1	143.0	145	10	0.9862068965517241	89	88	84	95
donor_13	1	1	1	136.0	136	10	1.0	99	99	93	105
donor_13	2	1	1	160.0	160	10	1.0	99	99	94	105
donor_14	1	1	1	154.0	154	10	1.0	94	94	88	99
donor_14	2	1	1	151.0	151	10	1.0	93	93	88	98
donor_15	1	1	1	152.0	152	10	1.0	81	81	75	86
donor_15	2	1	1	136.0	136	10	1.0	81	81	75	86
donor_16	1	4	1	157.0	160	10	0.98125	83	83	77	88
donor_16	2	3	1	160.0	162	10	0.9876543209876543	82	82	77	87
donor_17	1	1	1	137.0	137	10	1.0	111	112	105	117
donor_17	2	1	1	160.0	160	10	1.0	111	110	106	116
donor_18	1	1	1	132.0	132	10	1.0	116	116	110	121
donor_18	2	1	1	150.0	150	10	1.0	116	117	111	121
donor_19	1	1	1	152.0	152	10	1.0	97	97	92	102
donor_19	2	1	1	139.0	139	10	1.0	97	97	91	102
donor_20	1	1	1	150.0	150	10	1.0	110	110	105	117
donor_20	2	1	1	146.0	146	10	1.0	111	111	105	116
donor_21	1	1	1	131.0	131	10	1.0	106	106	101	111
donor_21	2	1	1	152.0	152	10	1.0	106	106	101	110
donor_22	1	1	1	145.0	145	10	1.0	97	98	92	102
donor_22	2	1	1	168.0	168	10	1.0	97	97	91	103
donor_23	1	3	1	158.0	161	10	0.9813664596273292	110	110	105	115
donor_23	2	3	1	136.0	138	10	0.9855072463768116	110	110	105	115
donor_24	1	1	1	145.0	145	10	1.0	95	95	89	100
donor_24	2	1	1	147.0	147	10	1.0	95	96	89	102
donor_25	1	1	1	138.0	138	10	1.0	80	80	74	85
donor_25	2	1	1	162.0	162	10	1.0	80	80	74	86
