donor	protocol	germline_length	n_reads	n_expanded_reads
donor_01	3D	112	22	0
donor_01	3R	112	24	0
donor_01	3F	112	25	0
donor_01	3AA	112	39	0
donor_01	3AN	112	25	0
donor_01	3G	112	28	0
donor_01	3C	112	30	0
donor_01	3Y	112	22	0
donor_01	3V	112	23	0
donor_01	3AG	112	40	0
donor_02	3D	89	30	0
donor_02	3R	89	32	0
donor_02	3F	89	24	0
donor_02	3AA	89	27	0
donor_02	3AN	89	23	0
donor_02	3G	89	27	0
donor_02	3C	89	34	0
donor_02	3Y	89	39	0
donor_02	3V	89	29	0
donor_02	3AG	89	31	0
donor_03	3D	95	31	0
donor_03	3R	95	34	0
donor_03	3F	95	32	0
donor_03	3AA	95	26	0
donor_03	3AN	95	22	0
donor_03	3G	95	32	0
donor_03	3C	95	22	0
donor_03	3Y	95	31	0
donor_03	3V	95	31	0
donor_03	3AG	95	27	0
donor_04	3D	93	34	0
donor_04	3R	93	31	0
donor_04	3F	93	27	0
donor_04	3AA	93	24	0
donor_04	3AN	93	35	0
donor_04	3G	93	33	0
donor_04	3C	93	29	0
donor_04	3Y	93	32	0
donor_04	3V	93	38	0
donor_04	3AG	93	28	0
donor_05	3D	82	30	0
donor_05	3R	82	40	0
donor_05	3F	82	21	0
donor_05	3AA	82	34	0
donor_05	3AN	82	27	0
donor_05	3G	82	32	0
donor_05	3C	82	30	0
donor_05	3Y	82	27	0
donor_05	3V	82	30	0
donor_05	3AG	82	30	0
donor_06	3D	95	28	0
donor_06	3R	95	31	0
donor_06	3F	95	34	0
donor_06	3AA	95	32	0
donor_06	3AN	95	31	0
donor_06	3G	95	29	0
donor_06	3C	95	32	0
donor_06	3Y	95	27	0
donor_06	3V	95	32	0
donor_06	3AG	95	28	0
donor_07	3D	90	31	0
donor_07	3R	90	31	0
donor_07	3F	90	20	0
donor_07	3AA	90	25	0
donor_07	3AN	90	36	0
donor_07	3G	90	34	0
donor_07	3C	90	33	0
donor_07	3Y	90	34	0
donor_07	3V	90	27	0
donor_07	3AG	90	25	0
donor_08	3D	117	29	0
donor_08	3R	117	35	0
donor_08	3F	117	30	0
donor_08	3AA	117	26	0
donor_08	3AN	117	24	0
donor_08	3G	117	22	0
donor_08	3C	117	26	0
donor_08	3Y	117	31	0
donor_08	3V	117	24	0
donor_08	3AG	117	32	0
donor_09	3D	107	34	0
donor_09	3R	107	25	0
donor_09	3F	107	22	0
donor_09	3AA	107	34	0
donor_09	3AN	107	34	0
donor_09	3G	107	28	0
donor_09	3C	107	46	0
donor_09	3Y	107	26	0
donor_09	3V	107	30	0
donor_09	3AG	107	31	0
donor_10	3D	103	32	0
donor_10	3R	103	28	0
donor_10	3F	103	21	0
donor_10	3AA	103	28	0
donor_10	3AN	103	38	0
donor_10	3G	103	38	0
donor_10	3C	103	35	0
donor_10	3Y	103	35	0
donor_10	3V	103	37	0
donor_10	3AG	103	31	0
donor_11	3D	98	27	5
donor_11	3R	98	26	0
donor_11	3F	98	33	0
donor_11	3AA	98	29	0
donor_11	3AN	98	29	0
donor_11	3G	98	24	0
donor_11	3C	98	27	0
donor_11	3Y	98	39	0
donor_11	3V	98	29	0
donor_11	3AG	98	29	0
donor_12	3D	89	30	5
donor_12	3R	89	26	0
donor_12	3F	89	38	0
donor_12	3AA	89	20	0
donor_12	3AN	89	27	0
donor_12	3G	89	44	0
donor_12	3C	89	27	0
donor_12	3Y	89	36	0
donor_12	3V	89	33	0
donor_12	3AG	89	31	0
donor_13	3D	99	29	0
donor_13	3R	99	36	0
donor_13	3F	99	31	0
donor_13	3AA	99	28	0
donor_13	3AN	99	23	0
donor_13	3G	99	38	0
donor_13	3C	99	35	0
donor_13	3Y	99	22	0
donor_13	3V	99	34	0
donor_13	3AG	99	20	0
donor_14	3D	93	27	0
donor_14	3R	93	27	0
donor_14	3F	93	34	0
donor_14	3AA	93	34	0
donor_14	3AN	93	27	0
donor_14	3G	93	32	0
donor_14	3C	93	33	0
donor_14	3Y	93	36	0
donor_14	3V	93	29	0
donor_14	3AG	93	26	0
donor_15	3D	81	31	0
donor_15	3R	81	25	0
donor_15	3F	81	27	0
donor_15	3AA	81	30	0
donor_15	3AN	81	35	0
donor_15	3G	81	35	0
donor_15	3C	81	24	0
donor_15	3Y	81	21	0
donor_15	3V	81	32	0
donor_15	3AG	81	28	0
donor_16	3D	83	28	5
donor_16	3R	83	39	0
donor_16	3F	83	36	0
donor_16	3AA	83	33	0
donor_16	3AN	83	29	0
donor_16	3G	83	42	0
donor_16	3C	83	26	0
donor_16	3Y	83	25	0
donor_16	3V	83	31	0
donor_16	3AG	83	33	0
donor_17	3D	111	23	0
donor_17	3R	111	26	0
donor_17	3F	111	24	0
donor_17	3AA	111	30	0
donor_17	3AN	111	36	0
donor_17	3G	111	33	0
donor_17	3C	111	34	0
donor_17	3Y	111	28	0
donor_17	3V	111	40	0
donor_17	3AG	111	23	0
donor_18	3D	116	24	0
donor_18	3R	116	31	0
donor_18	3F	116	24	0
donor_18	3AA	116	21	0
donor_18	3AN	116	35	0
donor_18	3G	116	28	0
donor_18	3C	116	32	0
donor_18	3Y	116	29	0
donor_18	3V	116	25	0
donor_18	3AG	116	33	0
donor_19	3D	97	24	0
donor_19	3R	97	22	0
donor_19	3F	97	31	0
donor_19	3AA	97	23	0
donor_19	3AN	97	37	0
donor_19	3G	97	29	0
donor_19	3C	97	32	0
donor_19	3Y	97	22	0
donor_19	3V	97	38	0
donor_19	3AG	97	33	0
donor_20	3D	110	32	0
donor_20	3R	110	33	0
donor_20	3F	110	26	0
donor_20	3AA	110	29	0
donor_20	3AN	110	30	0
donor_20	3G	110	27	0
donor_20	3C	110	31	0
donor_20	3Y	110	27	0
donor_20	3V	110	32	0
donor_20	3AG	110	29	0
donor_21	3D	106	25	0
donor_21	3R	106	32	0
donor_21	3F	106	26	0
donor_21	3AA	106	34	0
donor_21	3AN	106	27	0
donor_21	3G	106	18	0
donor_21	3C	106	41	0
donor_21	3Y	106	18	0
donor_21	3V	106	28	0
donor_21	3AG	106	34	0
donor_22	3D	97	35	0
donor_22	3R	97	32	0
donor_22	3F	97	33	0
donor_22	3AA	97	26	0
donor_22	3AN	97	39	0
donor_22	3G	97	20	0
donor_22	3C	97	40	0
donor_22	3Y	97	33	0
donor_22	3V	97	27	0
donor_22	3AG	97	28	0
donor_23	3D	110	30	5
donor_23	3R	110	32	0
donor_23	3F	110	27	0
donor_23	3AA	110	29	0
donor_23	3AN	110	32	0
donor_23	3G	110	27	0
donor_23	3C	110	36	0
donor_23	3Y	110	25	0
donor_23	3V	110	30	0
donor_23	3AG	110	31	0
donor_24	3D	95	24	0
donor_24	3R	95	34	0
donor_24	3F	95	32	0
donor_24	3AA	95	34	0
donor_24	3AN	95	32	0
donor_24	3G	95	30	0
donor_24	3C	95	27	0
donor_24	3Y	95	26	0
donor_24	3V	95	29	0
donor_24	3AG	95	24	0
donor_25	3D	80	34	0
donor_25	3R	80	23	0
donor_25	3F	80	31	0
donor_25	3AA	80	30	0
donor_25	3AN	80	39	0
donor_25	3G	80	25	0
donor_25	3C	80	30	0
donor_25	3Y	80	35	0
donor_25	3V	80	21	0
donor_25	3AG	80	32	0
